sid,age,gender,bmi
3003,22,Male,22.64219297
3006,32,Male,24.25127831
3007,28,Male,29.3877551
3008,21,Male,21.26654064
3009,27,Male,20.75638717
3010,22,Female,24.72518293
3012,21,Female,24.67702134
3013,28,Male,21.60493827
3014,26,Female,22.80601728
3015,20,Male,23.54788069
3016,22,Male,21.79820239
3017,23,Female,24.91990032
3018,24,Male,26.0351054
3019,37,Female,24.03460984
3020,31,Female,22.07107788
3021,32,Male,22.34029707
3022,23,Female,21.43460935
3023,31,Male,27.61356874
3024,33,Female,19.13580247
3025,21,Male,23.14814815
3026,21,Female,22.5981405
3027,30,Female,24.21875
3028,25,Male,24.25867407
3029,28,Female,23.32341806
3030,22,Female,19.15119182
3031,22,Female,22.05219018
3032,36,Female,24.44444444
3033,26,Non-binary,19.59631589
3034,32,Male,24.45356841
3036,33,Female,21.3577956
3037,22,Female,20.90419501
3038,26,Female,23.30668005
